Name,Category,Link,Date
Castileofficial (FREE),Top,https://twitter.com/Castileofficial,
todaythegame (FREE),Top,https://twitter.com/todaythegame,
TOKYOBEAST_EN (FREE),Top,https://twitter.com/TOKYOBEAST_EN,
FarcanaOfficial (FREE),Top,https://twitter.com/FarcanaOfficial,
LeQeNft (FREE),Top,https://twitter.com/LeQeNft,
3T_shootergame (FREE),Top,https://twitter.com/3T_shootergame,
Matr1xOfficial (KUKU),Top,https://twitter.com/Matr1xOfficial,
san_frantokyo - "VISIONS" next collection,Top,https://twitter.com/san_frantokyo,
playsomo,Top,https://twitter.com/playsomo,
NadaOfTheSun,Top,https://twitter.com/NadaOfTheSun,
KaKarbom (gen2),Top,https://twitter.com/KaKarbom,
ReebokImpact,Top,https://twitter.com/ReebokImpact,
SkyarkS (FREE),Good,https://twitter.com/SkyarkS,
LumiParadox (FREE),Good,https://twitter.com/LumiParadox,
PlaySpaceRush (FREE),Good,https://twitter.com/PlaySpaceRush,
ClashedGame (FREE),Good,https://twitter.com/ClashedGame,
Galaxisxyz (FREE),Good,https://twitter.com/Galaxisxyz,
WorkX_official (FREE),Good,https://twitter.com/WorkX_official,
caliverse_io (FREE),Good,https://twitter.com/caliverse_io,
theantrepublic (FREE),Good,https://twitter.com/theantrepublic,
ChampionsVerse (FREE),Good,https://twitter.com/ChampionsVerse,
0xLookfor (FREE),Good,https://twitter.com/0xLookfor,
qiibeefdn (FREE),Good,https://twitter.com/qiibeefdn,
PvPGameHub (FREE),Good,https://twitter.com/PvPGameHub,
drawingboardnft (FREE),Good,https://twitter.com/drawingboardnft,
DeblockApp (FREE),Good,https://twitter.com/DeblockApp,
TheKingdomWrld (FREE),Good,https://twitter.com/TheKingdomWrld,
PlayOverTrip (FREE),Good,https://twitter.com/PlayOverTrip,
waytogods,PAID/TBA,https://twitter.com/waytogods,
TheFabled,PAID/TBA,https://twitter.com/TheFabled,
nftoxs,PAID/TBA,https://twitter.com/nftoxs,
Persona_Journey,PAID/TBA,https://twitter.com/Persona_Journey,
Poglin_Official,PAID/TBA,https://twitter.com/Poglin_Official,
Gongkan_GK,PAID/TBA,https://twitter.com/Gongkan_GK,
Orrcollection,PAID/TBA,https://twitter.com/Orrcollection,
CreionOfficial,PAID/TBA,https://twitter.com/CreionOfficial,
bonigo_xyz,PAID/TBA,https://twitter.com/bonigo_xyz,
snpit_global,PAID/TBA,https://twitter.com/snpit_global,
Project_Zircon,PAID/TBA,https://twitter.com/Project_Zircon,
OVDR_Official,PAID/TBA,https://twitter.com/OVDR_Official,
Wade_Side,PAID/TBA,https://twitter.com/Wade_Side,
CY3ERSCAPE,PAID/TBA,https://twitter.com/CY3ERSCAPE,
0xPolyverse,PAID/TBA,https://twitter.com/0xPolyverse,
lumiflaresnft,PAID/TBA,https://twitter.com/lumiflaresnft,
Matr1xOfficial (KUKU),Minting soon,https://twitter.com/Matr1xOfficial,12 decembrie 2023
WorkX_official (FREE),Minting soon,https://twitter.com/WorkX_official,12 decembrie 2023
Poglin_Official,Minting soon,https://twitter.com/Poglin_Official,12 decembrie 2023
akidcalledbeast,Minting soon,https://twitter.com/akidcalledbeast,13 decembrie 2023
overworldplay,Minting soon,https://twitter.com/overworldplay,15 decembrie 2023
championsverse (FREE),Minting soon,https://twitter.com/championsverse,18 decembrie 2023
thekingdomwrld (FREE),Minting soon,https://twitter.com/thekingdomwrld,18 decembrie 2023
farcanaofficial (FREE),Minting soon,https://twitter.com/farcanaofficial,19 decembrie 2023
